Model,Train_Accuracy,Test_Accuracy,Precision,Recall,F1,ROC-AUC
Logistic Regression,0.9254897979900518,0.9183922046285018,0.9159935379644588,0.9212022745735174,0.9185905224787363,0.9792379888592319
SVM (RBF),0.9853821947010456,0.9715793747462445,0.9685230024213075,0.974817221770918,0.97165991902834,0.9934329734035257
Random Forest,0.9906608466145569,0.97442143727162,0.9702093397745571,0.9788789601949635,0.9745248685806712,0.9970117210165951
Neural Network,0.9905593340777586,0.975233455136013,0.9702572347266881,0.9805036555645816,0.9753535353535353,0.997725822106407
Ensemble,0.9898487463201705,0.9780755176613886,0.9742143432715552,0.9821283509341998,0.9781553398058253,0.9977320861510546