Model,Accuracy,Precision,Recall,F1,ROC-AUC
Logistic Regression,0.9183922046285018,0.9159935379644588,0.9212022745735174,0.9185905224787363,0.9792379888592319
SVM (RBF),0.9715793747462445,0.9685230024213075,0.974817221770918,0.97165991902834,0.9934329734035257
Neural Network,0.9703613479496549,0.9580696202531646,0.983753046303818,0.9707414829659319,0.9964871896990094
Random Forest,0.975233455136013,0.9717741935483871,0.9788789601949635,0.9753136382031566,0.9969602899131738
